Name,Club,Position,Metric,Value
Ángel Di María,Rosario Central,CAM_Winger,Goals,8
Ángel Di María,Rosario Central,CAM_Winger,Assists,5
Ángel Di María,Rosario Central,CAM_Winger,NPG,3
Ángel Di María,Rosario Central,CAM_Winger,XG,8.9
Ángel Di María,Rosario Central,CAM_Winger,XA,5.2
Ángel Di María,Rosario Central,CAM_Winger,Progressive passes,160
Ángel Di María,Rosario Central,CAM_Winger,Progressive carries,70
Ángel Di María,Rosario Central,CAM_Winger,Passes completed,684
Ángel Di María,Rosario Central,CAM_Winger,Passes attempted,970
Ángel Di María,Rosario Central,CAM_Winger,Key passes,45
Ángel Di María,Rosario Central,CAM_Winger,Through balls,19
Ángel Di María,Rosario Central,CAM_Winger,Switches,21
Ángel Di María,Rosario Central,CAM_Winger,Crosses,133
Ángel Di María,Rosario Central,CAM_Winger,Corners,60
Ángel Di María,Rosario Central,CAM_Winger,Shot creating Actions,90
Ángel Di María,Rosario Central,CAM_Winger,SCA Take Ons,8
Ángel Di María,Rosario Central,CAM_Winger,GCA Shots,1
Ángel Di María,Rosario Central,CAM_Winger,Goal Creating Actions,12
Ángel Di María,Rosario Central,CAM_Winger,Tackles,16
Ángel Di María,Rosario Central,CAM_Winger,Dribblers tackles,NA
Ángel Di María,Rosario Central,CAM_Winger,Shots blocked,0
Ángel Di María,Rosario Central,CAM_Winger,Blocks,13
Ángel Di María,Rosario Central,CAM_Winger,Interceptions,8
Ángel Di María,Rosario Central,CAM_Winger,Passes Recieved,905
Ángel Di María,Rosario Central,CAM_Winger,Offsides,10
Ángel Di María,Rosario Central,CAM_Winger,Ball recoveries,76
Ángel Di María,Rosario Central,CAM_Winger,Errors,0
Ángel Di María,Rosario Central,CAM_Winger,Touches,1203
Ángel Di María,Rosario Central,CAM_Winger,Miscontrols,38
Ángel Di María,Rosario Central,CAM_Winger,Dispossessed,18
Ángel Di María,Rosario Central,CAM_Winger,Yellow Cards,5
Ángel Di María,Rosario Central,CAM_Winger,Red Cards,0
Ángel Di María,Rosario Central,CAM_Winger,Fouls committed,17
Ángel Di María,Rosario Central,CAM_Winger,Aerials Won,0
Adrien Rabiot,Milan,CAM_Winger,Goals,9
Adrien Rabiot,Milan,CAM_Winger,Assists,4
Adrien Rabiot,Milan,CAM_Winger,NPG,9
Adrien Rabiot,Milan,CAM_Winger,XG,7.3
Adrien Rabiot,Milan,CAM_Winger,XA,3.8
Adrien Rabiot,Milan,CAM_Winger,Progressive passes,168
Adrien Rabiot,Milan,CAM_Winger,Progressive carries,79
Adrien Rabiot,Milan,CAM_Winger,Passes completed,1309
Adrien Rabiot,Milan,CAM_Winger,Passes attempted,1543
Adrien Rabiot,Milan,CAM_Winger,Key passes,28
Adrien Rabiot,Milan,CAM_Winger,Through balls,6
Adrien Rabiot,Milan,CAM_Winger,Switches,0
Adrien Rabiot,Milan,CAM_Winger,Crosses,40
Adrien Rabiot,Milan,CAM_Winger,Corners,0
Adrien Rabiot,Milan,CAM_Winger,Shot creating Actions,66
Adrien Rabiot,Milan,CAM_Winger,SCA Take Ons,5
Adrien Rabiot,Milan,CAM_Winger,GCA Shots,0
Adrien Rabiot,Milan,CAM_Winger,Goal Creating Actions,11
Adrien Rabiot,Milan,CAM_Winger,Tackles,49
Adrien Rabiot,Milan,CAM_Winger,Dribblers tackles,NA
Adrien Rabiot,Milan,CAM_Winger,Shots blocked,2
Adrien Rabiot,Milan,CAM_Winger,Blocks,21
Adrien Rabiot,Milan,CAM_Winger,Interceptions,21
Adrien Rabiot,Milan,CAM_Winger,Passes Recieved,1445
Adrien Rabiot,Milan,CAM_Winger,Offsides,12
Adrien Rabiot,Milan,CAM_Winger,Ball recoveries,124
Adrien Rabiot,Milan,CAM_Winger,Errors,0
Adrien Rabiot,Milan,CAM_Winger,Touches,1822
Adrien Rabiot,Milan,CAM_Winger,Miscontrols,52
Adrien Rabiot,Milan,CAM_Winger,Dispossessed,31
Adrien Rabiot,Milan,CAM_Winger,Yellow Cards,4
Adrien Rabiot,Milan,CAM_Winger,Red Cards,0
Adrien Rabiot,Milan,CAM_Winger,Fouls committed,53
Adrien Rabiot,Milan,CAM_Winger,Aerials Won,34
Arda Güler,Real Madrid,CAM_Winger,Goals,3
Arda Güler,Real Madrid,CAM_Winger,Assists,4
Arda Güler,Real Madrid,CAM_Winger,NPG,3
Arda Güler,Real Madrid,CAM_Winger,XG,3.3
Arda Güler,Real Madrid,CAM_Winger,XA,4.5
Arda Güler,Real Madrid,CAM_Winger,Progressive passes,93
Arda Güler,Real Madrid,CAM_Winger,Progressive carries,34
Arda Güler,Real Madrid,CAM_Winger,Passes completed,763
Arda Güler,Real Madrid,CAM_Winger,Passes attempted,886
Arda Güler,Real Madrid,CAM_Winger,Key passes,40
Arda Güler,Real Madrid,CAM_Winger,Through balls,10
Arda Güler,Real Madrid,CAM_Winger,Switches,8
Arda Güler,Real Madrid,CAM_Winger,Crosses,57
Arda Güler,Real Madrid,CAM_Winger,Corners,47
Arda Güler,Real Madrid,CAM_Winger,Shot creating Actions,79
Arda Güler,Real Madrid,CAM_Winger,SCA Take Ons,8
Arda Güler,Real Madrid,CAM_Winger,GCA Shots,2
Arda Güler,Real Madrid,CAM_Winger,Goal Creating Actions,11
Arda Güler,Real Madrid,CAM_Winger,Tackles,30
Arda Güler,Real Madrid,CAM_Winger,Dribblers tackles,NA
Arda Güler,Real Madrid,CAM_Winger,Shots blocked,0
Arda Güler,Real Madrid,CAM_Winger,Blocks,18
Arda Güler,Real Madrid,CAM_Winger,Interceptions,7
Arda Güler,Real Madrid,CAM_Winger,Passes Recieved,808
Arda Güler,Real Madrid,CAM_Winger,Offsides,4
Arda Güler,Real Madrid,CAM_Winger,Ball recoveries,56
Arda Güler,Real Madrid,CAM_Winger,Errors,0
Arda Güler,Real Madrid,CAM_Winger,Touches,1058
Arda Güler,Real Madrid,CAM_Winger,Miscontrols,23
Arda Güler,Real Madrid,CAM_Winger,Dispossessed,9
Arda Güler,Real Madrid,CAM_Winger,Yellow Cards,1
Arda Güler,Real Madrid,CAM_Winger,Red Cards,0
Arda Güler,Real Madrid,CAM_Winger,Fouls committed,15
Arda Güler,Real Madrid,CAM_Winger,Aerials Won,7
Bernardo Silva,Manchester City,CAM_Winger,Goals,4
Bernardo Silva,Manchester City,CAM_Winger,Assists,4
Bernardo Silva,Manchester City,CAM_Winger,NPG,4
Bernardo Silva,Manchester City,CAM_Winger,XG,3.9
Bernardo Silva,Manchester City,CAM_Winger,XA,5.1
Bernardo Silva,Manchester City,CAM_Winger,Progressive passes,134
Bernardo Silva,Manchester City,CAM_Winger,Progressive carries,101
Bernardo Silva,Manchester City,CAM_Winger,Passes completed,1547
Bernardo Silva,Manchester City,CAM_Winger,Passes attempted,1783
Bernardo Silva,Manchester City,CAM_Winger,Key passes,53
Bernardo Silva,Manchester City,CAM_Winger,Through balls,4
Bernardo Silva,Manchester City,CAM_Winger,Switches,6
Bernardo Silva,Manchester City,CAM_Winger,Crosses,60
Bernardo Silva,Manchester City,CAM_Winger,Corners,16
Bernardo Silva,Manchester City,CAM_Winger,Shot creating Actions,92
Bernardo Silva,Manchester City,CAM_Winger,SCA Take Ons,4
Bernardo Silva,Manchester City,CAM_Winger,GCA Shots,0
Bernardo Silva,Manchester City,CAM_Winger,Goal Creating Actions,8
Bernardo Silva,Manchester City,CAM_Winger,Tackles,56
Bernardo Silva,Manchester City,CAM_Winger,Dribblers tackles,NA
Bernardo Silva,Manchester City,CAM_Winger,Shots blocked,7
Bernardo Silva,Manchester City,CAM_Winger,Blocks,36
Bernardo Silva,Manchester City,CAM_Winger,Interceptions,23
Bernardo Silva,Manchester City,CAM_Winger,Passes Recieved,1518
Bernardo Silva,Manchester City,CAM_Winger,Offsides,3
Bernardo Silva,Manchester City,CAM_Winger,Ball recoveries,107
Bernardo Silva,Manchester City,CAM_Winger,Errors,3
Bernardo Silva,Manchester City,CAM_Winger,Touches,2054
Bernardo Silva,Manchester City,CAM_Winger,Miscontrols,25
Bernardo Silva,Manchester City,CAM_Winger,Dispossessed,34
Bernardo Silva,Manchester City,CAM_Winger,Yellow Cards,7
Bernardo Silva,Manchester City,CAM_Winger,Red Cards,0
Bernardo Silva,Manchester City,CAM_Winger,Fouls committed,27
Bernardo Silva,Manchester City,CAM_Winger,Aerials Won,5
Bruno Fernandes,Manchester United,CAM_Winger,Goals,8
Bruno Fernandes,Manchester United,CAM_Winger,Assists,10
Bruno Fernandes,Manchester United,CAM_Winger,NPG,5
Bruno Fernandes,Manchester United,CAM_Winger,XG,9.9
Bruno Fernandes,Manchester United,CAM_Winger,XA,8.5
Bruno Fernandes,Manchester United,CAM_Winger,Progressive passes,325
Bruno Fernandes,Manchester United,CAM_Winger,Progressive carries,77
Bruno Fernandes,Manchester United,CAM_Winger,Passes completed,1707
Bruno Fernandes,Manchester United,CAM_Winger,Passes attempted,2242
Bruno Fernandes,Manchester United,CAM_Winger,Key passes,91
Bruno Fernandes,Manchester United,CAM_Winger,Through balls,31
Bruno Fernandes,Manchester United,CAM_Winger,Switches,22
Bruno Fernandes,Manchester United,CAM_Winger,Crosses,186
Bruno Fernandes,Manchester United,CAM_Winger,Corners,91
Bruno Fernandes,Manchester United,CAM_Winger,Shot creating Actions,193
Bruno Fernandes,Manchester United,CAM_Winger,SCA Take Ons,5
Bruno Fernandes,Manchester United,CAM_Winger,GCA Shots,1
Bruno Fernandes,Manchester United,CAM_Winger,Goal Creating Actions,13
Bruno Fernandes,Manchester United,CAM_Winger,Tackles,84
Bruno Fernandes,Manchester United,CAM_Winger,Dribblers tackles,NA
Bruno Fernandes,Manchester United,CAM_Winger,Shots blocked,6
Bruno Fernandes,Manchester United,CAM_Winger,Blocks,35
Bruno Fernandes,Manchester United,CAM_Winger,Interceptions,26
Bruno Fernandes,Manchester United,CAM_Winger,Passes Recieved,1853
Bruno Fernandes,Manchester United,CAM_Winger,Offsides,2
Bruno Fernandes,Manchester United,CAM_Winger,Ball recoveries,213
Bruno Fernandes,Manchester United,CAM_Winger,Errors,3
Bruno Fernandes,Manchester United,CAM_Winger,Touches,2649
Bruno Fernandes,Manchester United,CAM_Winger,Miscontrols,43
Bruno Fernandes,Manchester United,CAM_Winger,Dispossessed,43
Bruno Fernandes,Manchester United,CAM_Winger,Yellow Cards,5
Bruno Fernandes,Manchester United,CAM_Winger,Red Cards,2
Bruno Fernandes,Manchester United,CAM_Winger,Fouls committed,32
Bruno Fernandes,Manchester United,CAM_Winger,Aerials Won,22
Cole Palmer,Chelsea,CAM_Winger,Goals,15
Cole Palmer,Chelsea,CAM_Winger,Assists,8
Cole Palmer,Chelsea,CAM_Winger,NPG,11
Cole Palmer,Chelsea,CAM_Winger,XG,17.3
Cole Palmer,Chelsea,CAM_Winger,XA,10.9
Cole Palmer,Chelsea,CAM_Winger,Progressive passes,214
Cole Palmer,Chelsea,CAM_Winger,Progressive carries,120
Cole Palmer,Chelsea,CAM_Winger,Passes completed,1140
Cole Palmer,Chelsea,CAM_Winger,Passes attempted,1480
Cole Palmer,Chelsea,CAM_Winger,Key passes,87
Cole Palmer,Chelsea,CAM_Winger,Through balls,22
Cole Palmer,Chelsea,CAM_Winger,Switches,14
Cole Palmer,Chelsea,CAM_Winger,Crosses,144
Cole Palmer,Chelsea,CAM_Winger,Corners,75
Cole Palmer,Chelsea,CAM_Winger,Shot creating Actions,202
Cole Palmer,Chelsea,CAM_Winger,SCA Take Ons,16
Cole Palmer,Chelsea,CAM_Winger,GCA Shots,1
Cole Palmer,Chelsea,CAM_Winger,Goal Creating Actions,15
Cole Palmer,Chelsea,CAM_Winger,Tackles,34
Cole Palmer,Chelsea,CAM_Winger,Dribblers tackles,NA
Cole Palmer,Chelsea,CAM_Winger,Shots blocked,1
Cole Palmer,Chelsea,CAM_Winger,Blocks,16
Cole Palmer,Chelsea,CAM_Winger,Interceptions,11
Cole Palmer,Chelsea,CAM_Winger,Passes Recieved,1366
Cole Palmer,Chelsea,CAM_Winger,Offsides,7
Cole Palmer,Chelsea,CAM_Winger,Ball recoveries,106
Cole Palmer,Chelsea,CAM_Winger,Errors,1
Cole Palmer,Chelsea,CAM_Winger,Touches,1851
Cole Palmer,Chelsea,CAM_Winger,Miscontrols,71
Cole Palmer,Chelsea,CAM_Winger,Dispossessed,37
Cole Palmer,Chelsea,CAM_Winger,Yellow Cards,7
Cole Palmer,Chelsea,CAM_Winger,Red Cards,0
Cole Palmer,Chelsea,CAM_Winger,Fouls committed,15
Cole Palmer,Chelsea,CAM_Winger,Aerials Won,2
Dani Olmo,Barcelona,CAM_Winger,Goals,10
Dani Olmo,Barcelona,CAM_Winger,Assists,3
Dani Olmo,Barcelona,CAM_Winger,NPG,8
Dani Olmo,Barcelona,CAM_Winger,XG,6.5
Dani Olmo,Barcelona,CAM_Winger,XA,3.0
Dani Olmo,Barcelona,CAM_Winger,Progressive passes,81
Dani Olmo,Barcelona,CAM_Winger,Progressive carries,33
Dani Olmo,Barcelona,CAM_Winger,Passes completed,520
Dani Olmo,Barcelona,CAM_Winger,Passes attempted,641
Dani Olmo,Barcelona,CAM_Winger,Key passes,26
Dani Olmo,Barcelona,CAM_Winger,Through balls,11
Dani Olmo,Barcelona,CAM_Winger,Switches,6
Dani Olmo,Barcelona,CAM_Winger,Crosses,21
Dani Olmo,Barcelona,CAM_Winger,Corners,11
Dani Olmo,Barcelona,CAM_Winger,Shot creating Actions,66
Dani Olmo,Barcelona,CAM_Winger,SCA Take Ons,7
Dani Olmo,Barcelona,CAM_Winger,GCA Shots,1
Dani Olmo,Barcelona,CAM_Winger,Goal Creating Actions,12
Dani Olmo,Barcelona,CAM_Winger,Tackles,16
Dani Olmo,Barcelona,CAM_Winger,Dribblers tackles,NA
Dani Olmo,Barcelona,CAM_Winger,Shots blocked,3
Dani Olmo,Barcelona,CAM_Winger,Blocks,6
Dani Olmo,Barcelona,CAM_Winger,Interceptions,3
Dani Olmo,Barcelona,CAM_Winger,Passes Recieved,662
Dani Olmo,Barcelona,CAM_Winger,Offsides,1
Dani Olmo,Barcelona,CAM_Winger,Ball recoveries,46
Dani Olmo,Barcelona,CAM_Winger,Errors,1
Dani Olmo,Barcelona,CAM_Winger,Touches,797
Dani Olmo,Barcelona,CAM_Winger,Miscontrols,35
Dani Olmo,Barcelona,CAM_Winger,Dispossessed,26
Dani Olmo,Barcelona,CAM_Winger,Yellow Cards,1
Dani Olmo,Barcelona,CAM_Winger,Red Cards,0
Dani Olmo,Barcelona,CAM_Winger,Fouls committed,21
Dani Olmo,Barcelona,CAM_Winger,Aerials Won,9
Dominik Szoboszlai,Liverpool,CAM_Winger,Goals,6
Dominik Szoboszlai,Liverpool,CAM_Winger,Assists,6
Dominik Szoboszlai,Liverpool,CAM_Winger,NPG,6
Dominik Szoboszlai,Liverpool,CAM_Winger,XG,7.3
Dominik Szoboszlai,Liverpool,CAM_Winger,XA,7.4
Dominik Szoboszlai,Liverpool,CAM_Winger,Progressive passes,131
Dominik Szoboszlai,Liverpool,CAM_Winger,Progressive carries,72
Dominik Szoboszlai,Liverpool,CAM_Winger,Passes completed,1114
Dominik Szoboszlai,Liverpool,CAM_Winger,Passes attempted,1322
Dominik Szoboszlai,Liverpool,CAM_Winger,Key passes,56
Dominik Szoboszlai,Liverpool,CAM_Winger,Through balls,5
Dominik Szoboszlai,Liverpool,CAM_Winger,Switches,14
Dominik Szoboszlai,Liverpool,CAM_Winger,Crosses,41
Dominik Szoboszlai,Liverpool,CAM_Winger,Corners,17
Dominik Szoboszlai,Liverpool,CAM_Winger,Shot creating Actions,119
Dominik Szoboszlai,Liverpool,CAM_Winger,SCA Take Ons,5
Dominik Szoboszlai,Liverpool,CAM_Winger,GCA Shots,3
Dominik Szoboszlai,Liverpool,CAM_Winger,Goal Creating Actions,16
Dominik Szoboszlai,Liverpool,CAM_Winger,Tackles,38
Dominik Szoboszlai,Liverpool,CAM_Winger,Dribblers tackles,NA
Dominik Szoboszlai,Liverpool,CAM_Winger,Shots blocked,5
Dominik Szoboszlai,Liverpool,CAM_Winger,Blocks,39
Dominik Szoboszlai,Liverpool,CAM_Winger,Interceptions,9
Dominik Szoboszlai,Liverpool,CAM_Winger,Passes Recieved,1073
Dominik Szoboszlai,Liverpool,CAM_Winger,Offsides,4
Dominik Szoboszlai,Liverpool,CAM_Winger,Ball recoveries,133
Dominik Szoboszlai,Liverpool,CAM_Winger,Errors,2
Dominik Szoboszlai,Liverpool,CAM_Winger,Touches,1584
Dominik Szoboszlai,Liverpool,CAM_Winger,Miscontrols,37
Dominik Szoboszlai,Liverpool,CAM_Winger,Dispossessed,23
Dominik Szoboszlai,Liverpool,CAM_Winger,Yellow Cards,6
Dominik Szoboszlai,Liverpool,CAM_Winger,Red Cards,0
Dominik Szoboszlai,Liverpool,CAM_Winger,Fouls committed,44
Dominik Szoboszlai,Liverpool,CAM_Winger,Aerials Won,19
Eberechi Eze,Arsenal,CAM_Winger,Goals,8
Eberechi Eze,Arsenal,CAM_Winger,Assists,8
Eberechi Eze,Arsenal,CAM_Winger,NPG,7
Eberechi Eze,Arsenal,CAM_Winger,XG,10.5
Eberechi Eze,Arsenal,CAM_Winger,XA,6.2
Eberechi Eze,Arsenal,CAM_Winger,Progressive passes,97
Eberechi Eze,Arsenal,CAM_Winger,Progressive carries,69
Eberechi Eze,Arsenal,CAM_Winger,Passes completed,777
Eberechi Eze,Arsenal,CAM_Winger,Passes attempted,1047
Eberechi Eze,Arsenal,CAM_Winger,Key passes,58
Eberechi Eze,Arsenal,CAM_Winger,Through balls,11
Eberechi Eze,Arsenal,CAM_Winger,Switches,6
Eberechi Eze,Arsenal,CAM_Winger,Crosses,112
Eberechi Eze,Arsenal,CAM_Winger,Corners,62
Eberechi Eze,Arsenal,CAM_Winger,Shot creating Actions,135
Eberechi Eze,Arsenal,CAM_Winger,SCA Take Ons,11
Eberechi Eze,Arsenal,CAM_Winger,GCA Shots,0
Eberechi Eze,Arsenal,CAM_Winger,Goal Creating Actions,10
Eberechi Eze,Arsenal,CAM_Winger,Tackles,39
Eberechi Eze,Arsenal,CAM_Winger,Dribblers tackles,NA
Eberechi Eze,Arsenal,CAM_Winger,Shots blocked,0
Eberechi Eze,Arsenal,CAM_Winger,Blocks,27
Eberechi Eze,Arsenal,CAM_Winger,Interceptions,11
Eberechi Eze,Arsenal,CAM_Winger,Passes Recieved,907
Eberechi Eze,Arsenal,CAM_Winger,Offsides,9
Eberechi Eze,Arsenal,CAM_Winger,Ball recoveries,146
Eberechi Eze,Arsenal,CAM_Winger,Errors,3
Eberechi Eze,Arsenal,CAM_Winger,Touches,1414
Eberechi Eze,Arsenal,CAM_Winger,Miscontrols,55
Eberechi Eze,Arsenal,CAM_Winger,Dispossessed,45
Eberechi Eze,Arsenal,CAM_Winger,Yellow Cards,1
Eberechi Eze,Arsenal,CAM_Winger,Red Cards,0
Eberechi Eze,Arsenal,CAM_Winger,Fouls committed,13
Eberechi Eze,Arsenal,CAM_Winger,Aerials Won,7
Fabio Miretti,Juventus,CAM_Winger,Goals,3
Fabio Miretti,Juventus,CAM_Winger,Assists,3
Fabio Miretti,Juventus,CAM_Winger,NPG,3
Fabio Miretti,Juventus,CAM_Winger,XG,3.1
Fabio Miretti,Juventus,CAM_Winger,XA,2.0
Fabio Miretti,Juventus,CAM_Winger,Progressive passes,54
Fabio Miretti,Juventus,CAM_Winger,Progressive carries,33
Fabio Miretti,Juventus,CAM_Winger,Passes completed,422
Fabio Miretti,Juventus,CAM_Winger,Passes attempted,567
Fabio Miretti,Juventus,CAM_Winger,Key passes,22
Fabio Miretti,Juventus,CAM_Winger,Through balls,5
Fabio Miretti,Juventus,CAM_Winger,Switches,8
Fabio Miretti,Juventus,CAM_Winger,Crosses,61
Fabio Miretti,Juventus,CAM_Winger,Corners,33
Fabio Miretti,Juventus,CAM_Winger,Shot creating Actions,53
Fabio Miretti,Juventus,CAM_Winger,SCA Take Ons,4
Fabio Miretti,Juventus,CAM_Winger,GCA Shots,0
Fabio Miretti,Juventus,CAM_Winger,Goal Creating Actions,6
Fabio Miretti,Juventus,CAM_Winger,Tackles,28
Fabio Miretti,Juventus,CAM_Winger,Dribblers tackles,NA
Fabio Miretti,Juventus,CAM_Winger,Shots blocked,1
Fabio Miretti,Juventus,CAM_Winger,Blocks,20
Fabio Miretti,Juventus,CAM_Winger,Interceptions,7
Fabio Miretti,Juventus,CAM_Winger,Passes Recieved,549
Fabio Miretti,Juventus,CAM_Winger,Offsides,2
Fabio Miretti,Juventus,CAM_Winger,Ball recoveries,85
Fabio Miretti,Juventus,CAM_Winger,Errors,2
Fabio Miretti,Juventus,CAM_Winger,Touches,847
Fabio Miretti,Juventus,CAM_Winger,Miscontrols,63
Fabio Miretti,Juventus,CAM_Winger,Dispossessed,36
Fabio Miretti,Juventus,CAM_Winger,Yellow Cards,2
Fabio Miretti,Juventus,CAM_Winger,Red Cards,0
Fabio Miretti,Juventus,CAM_Winger,Fouls committed,23
Fabio Miretti,Juventus,CAM_Winger,Aerials Won,11
Florian Wirtz,Liverpool,CAM_Winger,Goals,10
Florian Wirtz,Liverpool,CAM_Winger,Assists,12
Florian Wirtz,Liverpool,CAM_Winger,NPG,8
Florian Wirtz,Liverpool,CAM_Winger,XG,9.4
Florian Wirtz,Liverpool,CAM_Winger,XA,7.0
Florian Wirtz,Liverpool,CAM_Winger,Progressive passes,176
Florian Wirtz,Liverpool,CAM_Winger,Progressive carries,131
Florian Wirtz,Liverpool,CAM_Winger,Passes completed,1370
Florian Wirtz,Liverpool,CAM_Winger,Passes attempted,1749
Florian Wirtz,Liverpool,CAM_Winger,Key passes,57
Florian Wirtz,Liverpool,CAM_Winger,Through balls,26
Florian Wirtz,Liverpool,CAM_Winger,Switches,8
Florian Wirtz,Liverpool,CAM_Winger,Crosses,101
Florian Wirtz,Liverpool,CAM_Winger,Corners,42
Florian Wirtz,Liverpool,CAM_Winger,Shot creating Actions,148
Florian Wirtz,Liverpool,CAM_Winger,SCA Take Ons,23
Florian Wirtz,Liverpool,CAM_Winger,GCA Shots,3
Florian Wirtz,Liverpool,CAM_Winger,Goal Creating Actions,26
Florian Wirtz,Liverpool,CAM_Winger,Tackles,32
Florian Wirtz,Liverpool,CAM_Winger,Dribblers tackles,NA
Florian Wirtz,Liverpool,CAM_Winger,Shots blocked,3
Florian Wirtz,Liverpool,CAM_Winger,Blocks,32
Florian Wirtz,Liverpool,CAM_Winger,Interceptions,10
Florian Wirtz,Liverpool,CAM_Winger,Passes Recieved,1638
Florian Wirtz,Liverpool,CAM_Winger,Offsides,11
Florian Wirtz,Liverpool,CAM_Winger,Ball recoveries,113
Florian Wirtz,Liverpool,CAM_Winger,Errors,1
Florian Wirtz,Liverpool,CAM_Winger,Touches,2096
Florian Wirtz,Liverpool,CAM_Winger,Miscontrols,58
Florian Wirtz,Liverpool,CAM_Winger,Dispossessed,47
Florian Wirtz,Liverpool,CAM_Winger,Yellow Cards,3
Florian Wirtz,Liverpool,CAM_Winger,Red Cards,0
Florian Wirtz,Liverpool,CAM_Winger,Fouls committed,22
Florian Wirtz,Liverpool,CAM_Winger,Aerials Won,9
Gio Reyna,Mönchengladbach,CAM_Winger,Goals,2
Gio Reyna,Mönchengladbach,CAM_Winger,Assists,0
Gio Reyna,Mönchengladbach,CAM_Winger,NPG,2
Gio Reyna,Mönchengladbach,CAM_Winger,XG,0.2
Gio Reyna,Mönchengladbach,CAM_Winger,XA,0.2
Gio Reyna,Mönchengladbach,CAM_Winger,Progressive passes,22
Gio Reyna,Mönchengladbach,CAM_Winger,Progressive carries,5
Gio Reyna,Mönchengladbach,CAM_Winger,Passes completed,167
Gio Reyna,Mönchengladbach,CAM_Winger,Passes attempted,212
Gio Reyna,Mönchengladbach,CAM_Winger,Key passes,2
Gio Reyna,Mönchengladbach,CAM_Winger,Through balls,2
Gio Reyna,Mönchengladbach,CAM_Winger,Switches,0
Gio Reyna,Mönchengladbach,CAM_Winger,Crosses,15
Gio Reyna,Mönchengladbach,CAM_Winger,Corners,5
Gio Reyna,Mönchengladbach,CAM_Winger,Shot creating Actions,6
Gio Reyna,Mönchengladbach,CAM_Winger,SCA Take Ons,1
Gio Reyna,Mönchengladbach,CAM_Winger,GCA Shots,0
Gio Reyna,Mönchengladbach,CAM_Winger,Goal Creating Actions,0
Gio Reyna,Mönchengladbach,CAM_Winger,Tackles,7
Gio Reyna,Mönchengladbach,CAM_Winger,Dribblers tackles,NA
Gio Reyna,Mönchengladbach,CAM_Winger,Shots blocked,1
Gio Reyna,Mönchengladbach,CAM_Winger,Blocks,3
Gio Reyna,Mönchengladbach,CAM_Winger,Interceptions,0
Gio Reyna,Mönchengladbach,CAM_Winger,Passes Recieved,181
Gio Reyna,Mönchengladbach,CAM_Winger,Offsides,0
Gio Reyna,Mönchengladbach,CAM_Winger,Ball recoveries,19
Gio Reyna,Mönchengladbach,CAM_Winger,Errors,0
Gio Reyna,Mönchengladbach,CAM_Winger,Touches,262
Gio Reyna,Mönchengladbach,CAM_Winger,Miscontrols,9
Gio Reyna,Mönchengladbach,CAM_Winger,Dispossessed,7
Gio Reyna,Mönchengladbach,CAM_Winger,Yellow Cards,3
Gio Reyna,Mönchengladbach,CAM_Winger,Red Cards,0
Gio Reyna,Mönchengladbach,CAM_Winger,Fouls committed,8
Gio Reyna,Mönchengladbach,CAM_Winger,Aerials Won,7
Isco,Real Betis,CAM_Winger,Goals,9
Isco,Real Betis,CAM_Winger,Assists,8
Isco,Real Betis,CAM_Winger,NPG,4
Isco,Real Betis,CAM_Winger,XG,8.6
Isco,Real Betis,CAM_Winger,XA,4.4
Isco,Real Betis,CAM_Winger,Progressive passes,152
Isco,Real Betis,CAM_Winger,Progressive carries,38
Isco,Real Betis,CAM_Winger,Passes completed,957
Isco,Real Betis,CAM_Winger,Passes attempted,1173
Isco,Real Betis,CAM_Winger,Key passes,61
Isco,Real Betis,CAM_Winger,Through balls,6
Isco,Real Betis,CAM_Winger,Switches,27
Isco,Real Betis,CAM_Winger,Crosses,92
Isco,Real Betis,CAM_Winger,Corners,72
Isco,Real Betis,CAM_Winger,Shot creating Actions,111
Isco,Real Betis,CAM_Winger,SCA Take Ons,3
Isco,Real Betis,CAM_Winger,GCA Shots,0
Isco,Real Betis,CAM_Winger,Goal Creating Actions,14
Isco,Real Betis,CAM_Winger,Tackles,20
Isco,Real Betis,CAM_Winger,Dribblers tackles,NA
Isco,Real Betis,CAM_Winger,Shots blocked,0
Isco,Real Betis,CAM_Winger,Blocks,10
Isco,Real Betis,CAM_Winger,Interceptions,11
Isco,Real Betis,CAM_Winger,Passes Recieved,1059
Isco,Real Betis,CAM_Winger,Offsides,4
Isco,Real Betis,CAM_Winger,Ball recoveries,71
Isco,Real Betis,CAM_Winger,Errors,0
Isco,Real Betis,CAM_Winger,Touches,1381
Isco,Real Betis,CAM_Winger,Miscontrols,54
Isco,Real Betis,CAM_Winger,Dispossessed,27
Isco,Real Betis,CAM_Winger,Yellow Cards,5
Isco,Real Betis,CAM_Winger,Red Cards,0
Isco,Real Betis,CAM_Winger,Fouls committed,23
Isco,Real Betis,CAM_Winger,Aerials Won,13
Jamal Musiala,Bayern Munich,CAM_Winger,Goals,12
Jamal Musiala,Bayern Munich,CAM_Winger,Assists,2
Jamal Musiala,Bayern Munich,CAM_Winger,NPG,12
Jamal Musiala,Bayern Munich,CAM_Winger,XG,9.3
Jamal Musiala,Bayern Munich,CAM_Winger,XA,4.5
Jamal Musiala,Bayern Munich,CAM_Winger,Progressive passes,107
Jamal Musiala,Bayern Munich,CAM_Winger,Progressive carries,71
Jamal Musiala,Bayern Munich,CAM_Winger,Passes completed,778
Jamal Musiala,Bayern Munich,CAM_Winger,Passes attempted,942
Jamal Musiala,Bayern Munich,CAM_Winger,Key passes,41
Jamal Musiala,Bayern Munich,CAM_Winger,Through balls,14
Jamal Musiala,Bayern Munich,CAM_Winger,Switches,2
Jamal Musiala,Bayern Munich,CAM_Winger,Crosses,8
Jamal Musiala,Bayern Munich,CAM_Winger,Corners,7
Jamal Musiala,Bayern Munich,CAM_Winger,Shot creating Actions,111
Jamal Musiala,Bayern Munich,CAM_Winger,SCA Take Ons,22
Jamal Musiala,Bayern Munich,CAM_Winger,GCA Shots,1
Jamal Musiala,Bayern Munich,CAM_Winger,Goal Creating Actions,9
Jamal Musiala,Bayern Munich,CAM_Winger,Tackles,36
Jamal Musiala,Bayern Munich,CAM_Winger,Dribblers tackles,NA
Jamal Musiala,Bayern Munich,CAM_Winger,Shots blocked,0
Jamal Musiala,Bayern Munich,CAM_Winger,Blocks,30
Jamal Musiala,Bayern Munich,CAM_Winger,Interceptions,8
Jamal Musiala,Bayern Munich,CAM_Winger,Passes Recieved,1031
Jamal Musiala,Bayern Munich,CAM_Winger,Offsides,2
Jamal Musiala,Bayern Munich,CAM_Winger,Ball recoveries,75
Jamal Musiala,Bayern Munich,CAM_Winger,Errors,1
Jamal Musiala,Bayern Munich,CAM_Winger,Touches,1278
Jamal Musiala,Bayern Munich,CAM_Winger,Miscontrols,67
Jamal Musiala,Bayern Munich,CAM_Winger,Dispossessed,33
Jamal Musiala,Bayern Munich,CAM_Winger,Yellow Cards,3
Jamal Musiala,Bayern Munich,CAM_Winger,Red Cards,0
Jamal Musiala,Bayern Munich,CAM_Winger,Fouls committed,20
Jamal Musiala,Bayern Munich,CAM_Winger,Aerials Won,7
Julian Brandt,Dortmund,CAM_Winger,Goals,5
Julian Brandt,Dortmund,CAM_Winger,Assists,10
Julian Brandt,Dortmund,CAM_Winger,NPG,5
Julian Brandt,Dortmund,CAM_Winger,XG,4.8
Julian Brandt,Dortmund,CAM_Winger,XA,8.5
Julian Brandt,Dortmund,CAM_Winger,Progressive passes,149
Julian Brandt,Dortmund,CAM_Winger,Progressive carries,61
Julian Brandt,Dortmund,CAM_Winger,Passes completed,953
Julian Brandt,Dortmund,CAM_Winger,Passes attempted,1209
Julian Brandt,Dortmund,CAM_Winger,Key passes,61
Julian Brandt,Dortmund,CAM_Winger,Through balls,18
Julian Brandt,Dortmund,CAM_Winger,Switches,3
Julian Brandt,Dortmund,CAM_Winger,Crosses,71
Julian Brandt,Dortmund,CAM_Winger,Corners,20
Julian Brandt,Dortmund,CAM_Winger,Shot creating Actions,102
Julian Brandt,Dortmund,CAM_Winger,SCA Take Ons,2
Julian Brandt,Dortmund,CAM_Winger,GCA Shots,0
Julian Brandt,Dortmund,CAM_Winger,Goal Creating Actions,14
Julian Brandt,Dortmund,CAM_Winger,Tackles,26
Julian Brandt,Dortmund,CAM_Winger,Dribblers tackles,NA
Julian Brandt,Dortmund,CAM_Winger,Shots blocked,0
Julian Brandt,Dortmund,CAM_Winger,Blocks,17
Julian Brandt,Dortmund,CAM_Winger,Interceptions,14
Julian Brandt,Dortmund,CAM_Winger,Passes Recieved,1097
Julian Brandt,Dortmund,CAM_Winger,Offsides,5
Julian Brandt,Dortmund,CAM_Winger,Ball recoveries,119
Julian Brandt,Dortmund,CAM_Winger,Errors,1
Julian Brandt,Dortmund,CAM_Winger,Touches,1455
Julian Brandt,Dortmund,CAM_Winger,Miscontrols,48
Julian Brandt,Dortmund,CAM_Winger,Dispossessed,36
Julian Brandt,Dortmund,CAM_Winger,Yellow Cards,1
Julian Brandt,Dortmund,CAM_Winger,Red Cards,0
Julian Brandt,Dortmund,CAM_Winger,Fouls committed,8
Julian Brandt,Dortmund,CAM_Winger,Aerials Won,11
Lee Kang-in,Paris Saint-Germain,CAM_Winger,Goals,6
Lee Kang-in,Paris Saint-Germain,CAM_Winger,Assists,6
Lee Kang-in,Paris Saint-Germain,CAM_Winger,NPG,6
Lee Kang-in,Paris Saint-Germain,CAM_Winger,XG,3.5
Lee Kang-in,Paris Saint-Germain,CAM_Winger,XA,5.6
Lee Kang-in,Paris Saint-Germain,CAM_Winger,Progressive passes,143
Lee Kang-in,Paris Saint-Germain,CAM_Winger,Progressive carries,50
Lee Kang-in,Paris Saint-Germain,CAM_Winger,Passes completed,1110
Lee Kang-in,Paris Saint-Germain,CAM_Winger,Passes attempted,1268
Lee Kang-in,Paris Saint-Germain,CAM_Winger,Key passes,56
Lee Kang-in,Paris Saint-Germain,CAM_Winger,Through balls,13
Lee Kang-in,Paris Saint-Germain,CAM_Winger,Switches,10
Lee Kang-in,Paris Saint-Germain,CAM_Winger,Crosses,94
Lee Kang-in,Paris Saint-Germain,CAM_Winger,Corners,84
Lee Kang-in,Paris Saint-Germain,CAM_Winger,Shot creating Actions,97
Lee Kang-in,Paris Saint-Germain,CAM_Winger,SCA Take Ons,3
Lee Kang-in,Paris Saint-Germain,CAM_Winger,GCA Shots,0
Lee Kang-in,Paris Saint-Germain,CAM_Winger,Goal Creating Actions,6
Lee Kang-in,Paris Saint-Germain,CAM_Winger,Tackles,25
Lee Kang-in,Paris Saint-Germain,CAM_Winger,Dribblers tackles,NA
Lee Kang-in,Paris Saint-Germain,CAM_Winger,Shots blocked,1
Lee Kang-in,Paris Saint-Germain,CAM_Winger,Blocks,11
Lee Kang-in,Paris Saint-Germain,CAM_Winger,Interceptions,3
Lee Kang-in,Paris Saint-Germain,CAM_Winger,Passes Recieved,1172
Lee Kang-in,Paris Saint-Germain,CAM_Winger,Offsides,1
Lee Kang-in,Paris Saint-Germain,CAM_Winger,Ball recoveries,73
Lee Kang-in,Paris Saint-Germain,CAM_Winger,Errors,1
Lee Kang-in,Paris Saint-Germain,CAM_Winger,Touches,1432
Lee Kang-in,Paris Saint-Germain,CAM_Winger,Miscontrols,22
Lee Kang-in,Paris Saint-Germain,CAM_Winger,Dispossessed,26
Lee Kang-in,Paris Saint-Germain,CAM_Winger,Yellow Cards,1
Lee Kang-in,Paris Saint-Germain,CAM_Winger,Red Cards,0
Lee Kang-in,Paris Saint-Germain,CAM_Winger,Fouls committed,21
Lee Kang-in,Paris Saint-Germain,CAM_Winger,Aerials Won,5
Lucas Paquetá,West Ham United,CAM_Winger,Goals,4
Lucas Paquetá,West Ham United,CAM_Winger,Assists,0
Lucas Paquetá,West Ham United,CAM_Winger,NPG,2
Lucas Paquetá,West Ham United,CAM_Winger,XG,5.3
Lucas Paquetá,West Ham United,CAM_Winger,XA,3.1
Lucas Paquetá,West Ham United,CAM_Winger,Progressive passes,155
Lucas Paquetá,West Ham United,CAM_Winger,Progressive carries,26
Lucas Paquetá,West Ham United,CAM_Winger,Passes completed,1126
Lucas Paquetá,West Ham United,CAM_Winger,Passes attempted,1456
Lucas Paquetá,West Ham United,CAM_Winger,Key passes,36
Lucas Paquetá,West Ham United,CAM_Winger,Through balls,18
Lucas Paquetá,West Ham United,CAM_Winger,Switches,12
Lucas Paquetá,West Ham United,CAM_Winger,Crosses,29
Lucas Paquetá,West Ham United,CAM_Winger,Corners,4
Lucas Paquetá,West Ham United,CAM_Winger,Shot creating Actions,82
Lucas Paquetá,West Ham United,CAM_Winger,SCA Take Ons,2
Lucas Paquetá,West Ham United,CAM_Winger,GCA Shots,2
Lucas Paquetá,West Ham United,CAM_Winger,Goal Creating Actions,6
Lucas Paquetá,West Ham United,CAM_Winger,Tackles,66
Lucas Paquetá,West Ham United,CAM_Winger,Dribblers tackles,NA
Lucas Paquetá,West Ham United,CAM_Winger,Shots blocked,4
Lucas Paquetá,West Ham United,CAM_Winger,Blocks,29
Lucas Paquetá,West Ham United,CAM_Winger,Interceptions,18
Lucas Paquetá,West Ham United,CAM_Winger,Passes Recieved,1268
Lucas Paquetá,West Ham United,CAM_Winger,Offsides,6
Lucas Paquetá,West Ham United,CAM_Winger,Ball recoveries,149
Lucas Paquetá,West Ham United,CAM_Winger,Errors,6
Lucas Paquetá,West Ham United,CAM_Winger,Touches,1796
Lucas Paquetá,West Ham United,CAM_Winger,Miscontrols,54
Lucas Paquetá,West Ham United,CAM_Winger,Dispossessed,51
Lucas Paquetá,West Ham United,CAM_Winger,Yellow Cards,10
Lucas Paquetá,West Ham United,CAM_Winger,Red Cards,0
Lucas Paquetá,West Ham United,CAM_Winger,Fouls committed,53
Lucas Paquetá,West Ham United,CAM_Winger,Aerials Won,48
Luciano Acosta,Fluminense,CAM_Winger,Goals,NA
Luciano Acosta,Fluminense,CAM_Winger,Assists,NA
Luciano Acosta,Fluminense,CAM_Winger,NPG,NA
Luciano Acosta,Fluminense,CAM_Winger,XG,NA
Luciano Acosta,Fluminense,CAM_Winger,XA,NA
Luciano Acosta,Fluminense,CAM_Winger,Progressive passes,NA
Luciano Acosta,Fluminense,CAM_Winger,Progressive carries,NA
Luciano Acosta,Fluminense,CAM_Winger,Passes completed,NA
Luciano Acosta,Fluminense,CAM_Winger,Passes attempted,NA
Luciano Acosta,Fluminense,CAM_Winger,Key passes,NA
Luciano Acosta,Fluminense,CAM_Winger,Through balls,NA
Luciano Acosta,Fluminense,CAM_Winger,Switches,NA
Luciano Acosta,Fluminense,CAM_Winger,Crosses,NA
Luciano Acosta,Fluminense,CAM_Winger,Corners,NA
Luciano Acosta,Fluminense,CAM_Winger,Shot creating Actions,NA
Luciano Acosta,Fluminense,CAM_Winger,SCA Take Ons,NA
Luciano Acosta,Fluminense,CAM_Winger,GCA Shots,NA
Luciano Acosta,Fluminense,CAM_Winger,Goal Creating Actions,NA
Luciano Acosta,Fluminense,CAM_Winger,Tackles,NA
Luciano Acosta,Fluminense,CAM_Winger,Dribblers tackles,NA
Luciano Acosta,Fluminense,CAM_Winger,Shots blocked,NA
Luciano Acosta,Fluminense,CAM_Winger,Blocks,NA
Luciano Acosta,Fluminense,CAM_Winger,Interceptions,NA
Luciano Acosta,Fluminense,CAM_Winger,Passes Recieved,NA
Luciano Acosta,Fluminense,CAM_Winger,Offsides,NA
Luciano Acosta,Fluminense,CAM_Winger,Ball recoveries,NA
Luciano Acosta,Fluminense,CAM_Winger,Errors,NA
Luciano Acosta,Fluminense,CAM_Winger,Touches,NA
Luciano Acosta,Fluminense,CAM_Winger,Miscontrols,NA
Luciano Acosta,Fluminense,CAM_Winger,Dispossessed,NA
Luciano Acosta,Fluminense,CAM_Winger,Yellow Cards,NA
Luciano Acosta,Fluminense,CAM_Winger,Red Cards,NA
Luciano Acosta,Fluminense,CAM_Winger,Fouls committed,NA
Luciano Acosta,Fluminense,CAM_Winger,Aerials Won,NA
Malcom,Al-Hilal,CAM_Winger,Goals,9
Malcom,Al-Hilal,CAM_Winger,Assists,10
Malcom,Al-Hilal,CAM_Winger,NPG,9
Malcom,Al-Hilal,CAM_Winger,XG,NA
Malcom,Al-Hilal,CAM_Winger,XA,NA
Malcom,Al-Hilal,CAM_Winger,Progressive passes,NA
Malcom,Al-Hilal,CAM_Winger,Progressive carries,NA
Malcom,Al-Hilal,CAM_Winger,Passes completed,NA
Malcom,Al-Hilal,CAM_Winger,Passes attempted,NA
Malcom,Al-Hilal,CAM_Winger,Key passes,NA
Malcom,Al-Hilal,CAM_Winger,Through balls,NA
Malcom,Al-Hilal,CAM_Winger,Switches,NA
Malcom,Al-Hilal,CAM_Winger,Crosses,86
Malcom,Al-Hilal,CAM_Winger,Corners,NA
Malcom,Al-Hilal,CAM_Winger,Shot creating Actions,NA
Malcom,Al-Hilal,CAM_Winger,SCA Take Ons,NA
Malcom,Al-Hilal,CAM_Winger,GCA Shots,NA
Malcom,Al-Hilal,CAM_Winger,Goal Creating Actions,NA
Malcom,Al-Hilal,CAM_Winger,Tackles,6
Malcom,Al-Hilal,CAM_Winger,Dribblers tackles,NA
Malcom,Al-Hilal,CAM_Winger,Shots blocked,NA
Malcom,Al-Hilal,CAM_Winger,Blocks,NA
Malcom,Al-Hilal,CAM_Winger,Interceptions,7
Malcom,Al-Hilal,CAM_Winger,Passes Recieved,NA
Malcom,Al-Hilal,CAM_Winger,Offsides,2
Malcom,Al-Hilal,CAM_Winger,Ball recoveries,NA
Malcom,Al-Hilal,CAM_Winger,Errors,NA
Malcom,Al-Hilal,CAM_Winger,Touches,NA
Malcom,Al-Hilal,CAM_Winger,Miscontrols,NA
Malcom,Al-Hilal,CAM_Winger,Dispossessed,NA
Malcom,Al-Hilal,CAM_Winger,Yellow Cards,3
Malcom,Al-Hilal,CAM_Winger,Red Cards,0
Malcom,Al-Hilal,CAM_Winger,Fouls committed,14
Malcom,Al-Hilal,CAM_Winger,Aerials Won,NA
Oihan Sancet,Athletic Club,CAM_Winger,Goals,15
Oihan Sancet,Athletic Club,CAM_Winger,Assists,1
Oihan Sancet,Athletic Club,CAM_Winger,NPG,12
Oihan Sancet,Athletic Club,CAM_Winger,XG,9.7
Oihan Sancet,Athletic Club,CAM_Winger,XA,1.9
Oihan Sancet,Athletic Club,CAM_Winger,Progressive passes,90
Oihan Sancet,Athletic Club,CAM_Winger,Progressive carries,52
Oihan Sancet,Athletic Club,CAM_Winger,Passes completed,461
Oihan Sancet,Athletic Club,CAM_Winger,Passes attempted,569
Oihan Sancet,Athletic Club,CAM_Winger,Key passes,21
Oihan Sancet,Athletic Club,CAM_Winger,Through balls,5
Oihan Sancet,Athletic Club,CAM_Winger,Switches,4
Oihan Sancet,Athletic Club,CAM_Winger,Crosses,18
Oihan Sancet,Athletic Club,CAM_Winger,Corners,0
Oihan Sancet,Athletic Club,CAM_Winger,Shot creating Actions,50
Oihan Sancet,Athletic Club,CAM_Winger,SCA Take Ons,4
Oihan Sancet,Athletic Club,CAM_Winger,GCA Shots,3
Oihan Sancet,Athletic Club,CAM_Winger,Goal Creating Actions,8
Oihan Sancet,Athletic Club,CAM_Winger,Tackles,13
Oihan Sancet,Athletic Club,CAM_Winger,Dribblers tackles,NA
Oihan Sancet,Athletic Club,CAM_Winger,Shots blocked,0
Oihan Sancet,Athletic Club,CAM_Winger,Blocks,10
Oihan Sancet,Athletic Club,CAM_Winger,Interceptions,5
Oihan Sancet,Athletic Club,CAM_Winger,Passes Recieved,610
Oihan Sancet,Athletic Club,CAM_Winger,Offsides,5
Oihan Sancet,Athletic Club,CAM_Winger,Ball recoveries,77
Oihan Sancet,Athletic Club,CAM_Winger,Errors,0
Oihan Sancet,Athletic Club,CAM_Winger,Touches,767
Oihan Sancet,Athletic Club,CAM_Winger,Miscontrols,56
Oihan Sancet,Athletic Club,CAM_Winger,Dispossessed,45
Oihan Sancet,Athletic Club,CAM_Winger,Yellow Cards,2
Oihan Sancet,Athletic Club,CAM_Winger,Red Cards,0
Oihan Sancet,Athletic Club,CAM_Winger,Fouls committed,16
Oihan Sancet,Athletic Club,CAM_Winger,Aerials Won,12
Otávio,Al Qadisiyah,CAM_Winger,Goals,1
Otávio,Al Qadisiyah,CAM_Winger,Assists,5
Otávio,Al Qadisiyah,CAM_Winger,NPG,1
Otávio,Al Qadisiyah,CAM_Winger,XG,NA
Otávio,Al Qadisiyah,CAM_Winger,XA,NA
Otávio,Al Qadisiyah,CAM_Winger,Progressive passes,NA
Otávio,Al Qadisiyah,CAM_Winger,Progressive carries,NA
Otávio,Al Qadisiyah,CAM_Winger,Passes completed,NA
Otávio,Al Qadisiyah,CAM_Winger,Passes attempted,NA
Otávio,Al Qadisiyah,CAM_Winger,Key passes,NA
Otávio,Al Qadisiyah,CAM_Winger,Through balls,NA
Otávio,Al Qadisiyah,CAM_Winger,Switches,NA
Otávio,Al Qadisiyah,CAM_Winger,Crosses,43
Otávio,Al Qadisiyah,CAM_Winger,Corners,NA
Otávio,Al Qadisiyah,CAM_Winger,Shot creating Actions,NA
Otávio,Al Qadisiyah,CAM_Winger,SCA Take Ons,NA
Otávio,Al Qadisiyah,CAM_Winger,GCA Shots,NA
Otávio,Al Qadisiyah,CAM_Winger,Goal Creating Actions,NA
Otávio,Al Qadisiyah,CAM_Winger,Tackles,37
Otávio,Al Qadisiyah,CAM_Winger,Dribblers tackles,NA
Otávio,Al Qadisiyah,CAM_Winger,Shots blocked,NA
Otávio,Al Qadisiyah,CAM_Winger,Blocks,NA
Otávio,Al Qadisiyah,CAM_Winger,Interceptions,22
Otávio,Al Qadisiyah,CAM_Winger,Passes Recieved,NA
Otávio,Al Qadisiyah,CAM_Winger,Offsides,0
Otávio,Al Qadisiyah,CAM_Winger,Ball recoveries,NA
Otávio,Al Qadisiyah,CAM_Winger,Errors,NA
Otávio,Al Qadisiyah,CAM_Winger,Touches,NA
Otávio,Al Qadisiyah,CAM_Winger,Miscontrols,NA
Otávio,Al Qadisiyah,CAM_Winger,Dispossessed,NA
Otávio,Al Qadisiyah,CAM_Winger,Yellow Cards,3
Otávio,Al Qadisiyah,CAM_Winger,Red Cards,0
Otávio,Al Qadisiyah,CAM_Winger,Fouls committed,37
Otávio,Al Qadisiyah,CAM_Winger,Aerials Won,NA
Paulo Dybala,Roma,CAM_Winger,Goals,6
Paulo Dybala,Roma,CAM_Winger,Assists,3
Paulo Dybala,Roma,CAM_Winger,NPG,3
Paulo Dybala,Roma,CAM_Winger,XG,6.4
Paulo Dybala,Roma,CAM_Winger,XA,5.0
Paulo Dybala,Roma,CAM_Winger,Progressive passes,79
Paulo Dybala,Roma,CAM_Winger,Progressive carries,41
Paulo Dybala,Roma,CAM_Winger,Passes completed,596
Paulo Dybala,Roma,CAM_Winger,Passes attempted,729
Paulo Dybala,Roma,CAM_Winger,Key passes,40
Paulo Dybala,Roma,CAM_Winger,Through balls,2
Paulo Dybala,Roma,CAM_Winger,Switches,16
Paulo Dybala,Roma,CAM_Winger,Crosses,62
Paulo Dybala,Roma,CAM_Winger,Corners,36
Paulo Dybala,Roma,CAM_Winger,Shot creating Actions,84
Paulo Dybala,Roma,CAM_Winger,SCA Take Ons,1
Paulo Dybala,Roma,CAM_Winger,GCA Shots,0
Paulo Dybala,Roma,CAM_Winger,Goal Creating Actions,8
Paulo Dybala,Roma,CAM_Winger,Tackles,17
Paulo Dybala,Roma,CAM_Winger,Dribblers tackles,NA
Paulo Dybala,Roma,CAM_Winger,Shots blocked,1
Paulo Dybala,Roma,CAM_Winger,Blocks,12
Paulo Dybala,Roma,CAM_Winger,Interceptions,2
Paulo Dybala,Roma,CAM_Winger,Passes Recieved,709
Paulo Dybala,Roma,CAM_Winger,Offsides,6
Paulo Dybala,Roma,CAM_Winger,Ball recoveries,63
Paulo Dybala,Roma,CAM_Winger,Errors,0
Paulo Dybala,Roma,CAM_Winger,Touches,909
Paulo Dybala,Roma,CAM_Winger,Miscontrols,40
Paulo Dybala,Roma,CAM_Winger,Dispossessed,28
Paulo Dybala,Roma,CAM_Winger,Yellow Cards,2
Paulo Dybala,Roma,CAM_Winger,Red Cards,0
Paulo Dybala,Roma,CAM_Winger,Fouls committed,6
Paulo Dybala,Roma,CAM_Winger,Aerials Won,8
Pedro Gonçalves,Sporting CP,CAM_Winger,Goals,5
Pedro Gonçalves,Sporting CP,CAM_Winger,Assists,4
Pedro Gonçalves,Sporting CP,CAM_Winger,NPG,5
Pedro Gonçalves,Sporting CP,CAM_Winger,XG,4.2
Pedro Gonçalves,Sporting CP,CAM_Winger,XA,4.1
Pedro Gonçalves,Sporting CP,CAM_Winger,Progressive passes,51
Pedro Gonçalves,Sporting CP,CAM_Winger,Progressive carries,21
Pedro Gonçalves,Sporting CP,CAM_Winger,Passes completed,281
Pedro Gonçalves,Sporting CP,CAM_Winger,Passes attempted,372
Pedro Gonçalves,Sporting CP,CAM_Winger,Key passes,42
Pedro Gonçalves,Sporting CP,CAM_Winger,Through balls,10
Pedro Gonçalves,Sporting CP,CAM_Winger,Switches,3
Pedro Gonçalves,Sporting CP,CAM_Winger,Crosses,38
Pedro Gonçalves,Sporting CP,CAM_Winger,Corners,21
Pedro Gonçalves,Sporting CP,CAM_Winger,Shot creating Actions,65
Pedro Gonçalves,Sporting CP,CAM_Winger,SCA Take Ons,2
Pedro Gonçalves,Sporting CP,CAM_Winger,GCA Shots,1
Pedro Gonçalves,Sporting CP,CAM_Winger,Goal Creating Actions,6
Pedro Gonçalves,Sporting CP,CAM_Winger,Tackles,13
Pedro Gonçalves,Sporting CP,CAM_Winger,Dribblers tackles,NA
Pedro Gonçalves,Sporting CP,CAM_Winger,Shots blocked,1
Pedro Gonçalves,Sporting CP,CAM_Winger,Blocks,6
Pedro Gonçalves,Sporting CP,CAM_Winger,Interceptions,5
Pedro Gonçalves,Sporting CP,CAM_Winger,Passes Recieved,350
Pedro Gonçalves,Sporting CP,CAM_Winger,Offsides,2
Pedro Gonçalves,Sporting CP,CAM_Winger,Ball recoveries,32
Pedro Gonçalves,Sporting CP,CAM_Winger,Errors,0
Pedro Gonçalves,Sporting CP,CAM_Winger,Touches,521
Pedro Gonçalves,Sporting CP,CAM_Winger,Miscontrols,29
Pedro Gonçalves,Sporting CP,CAM_Winger,Dispossessed,15
Pedro Gonçalves,Sporting CP,CAM_Winger,Yellow Cards,3
Pedro Gonçalves,Sporting CP,CAM_Winger,Red Cards,0
Pedro Gonçalves,Sporting CP,CAM_Winger,Fouls committed,11
Pedro Gonçalves,Sporting CP,CAM_Winger,Aerials Won,2
Thomas Müller,Vancouver Whitecaps FC,CAM_Winger,Goals,1
Thomas Müller,Vancouver Whitecaps FC,CAM_Winger,Assists,4
Thomas Müller,Vancouver Whitecaps FC,CAM_Winger,NPG,1
Thomas Müller,Vancouver Whitecaps FC,CAM_Winger,XG,3.8
Thomas Müller,Vancouver Whitecaps FC,CAM_Winger,XA,2.9
Thomas Müller,Vancouver Whitecaps FC,CAM_Winger,Progressive passes,50
Thomas Müller,Vancouver Whitecaps FC,CAM_Winger,Progressive carries,24
Thomas Müller,Vancouver Whitecaps FC,CAM_Winger,Passes completed,473
Thomas Müller,Vancouver Whitecaps FC,CAM_Winger,Passes attempted,631
Thomas Müller,Vancouver Whitecaps FC,CAM_Winger,Key passes,35
Thomas Müller,Vancouver Whitecaps FC,CAM_Winger,Through balls,8
Thomas Müller,Vancouver Whitecaps FC,CAM_Winger,Switches,3
Thomas Müller,Vancouver Whitecaps FC,CAM_Winger,Crosses,46
Thomas Müller,Vancouver Whitecaps FC,CAM_Winger,Corners,0
Thomas Müller,Vancouver Whitecaps FC,CAM_Winger,Shot creating Actions,73
Thomas Müller,Vancouver Whitecaps FC,CAM_Winger,SCA Take Ons,3
Thomas Müller,Vancouver Whitecaps FC,CAM_Winger,GCA Shots,1
Thomas Müller,Vancouver Whitecaps FC,CAM_Winger,Goal Creating Actions,9
Thomas Müller,Vancouver Whitecaps FC,CAM_Winger,Tackles,8
Thomas Müller,Vancouver Whitecaps FC,CAM_Winger,Dribblers tackles,NA
Thomas Müller,Vancouver Whitecaps FC,CAM_Winger,Shots blocked,0
Thomas Müller,Vancouver Whitecaps FC,CAM_Winger,Blocks,10
Thomas Müller,Vancouver Whitecaps FC,CAM_Winger,Interceptions,2
Thomas Müller,Vancouver Whitecaps FC,CAM_Winger,Passes Recieved,619
Thomas Müller,Vancouver Whitecaps FC,CAM_Winger,Offsides,3
Thomas Müller,Vancouver Whitecaps FC,CAM_Winger,Ball recoveries,24
Thomas Müller,Vancouver Whitecaps FC,CAM_Winger,Errors,0
Thomas Müller,Vancouver Whitecaps FC,CAM_Winger,Touches,763
Thomas Müller,Vancouver Whitecaps FC,CAM_Winger,Miscontrols,24
Thomas Müller,Vancouver Whitecaps FC,CAM_Winger,Dispossessed,20
Thomas Müller,Vancouver Whitecaps FC,CAM_Winger,Yellow Cards,3
Thomas Müller,Vancouver Whitecaps FC,CAM_Winger,Red Cards,0
Thomas Müller,Vancouver Whitecaps FC,CAM_Winger,Fouls committed,14
Thomas Müller,Vancouver Whitecaps FC,CAM_Winger,Aerials Won,19
Xavi Simons,Tottenham Hotspur,CAM_Winger,Goals,10
Xavi Simons,Tottenham Hotspur,CAM_Winger,Assists,6
Xavi Simons,Tottenham Hotspur,CAM_Winger,NPG,10
Xavi Simons,Tottenham Hotspur,CAM_Winger,XG,5.1
Xavi Simons,Tottenham Hotspur,CAM_Winger,XA,6.3
Xavi Simons,Tottenham Hotspur,CAM_Winger,Progressive passes,140
Xavi Simons,Tottenham Hotspur,CAM_Winger,Progressive carries,85
Xavi Simons,Tottenham Hotspur,CAM_Winger,Passes completed,944
Xavi Simons,Tottenham Hotspur,CAM_Winger,Passes attempted,1201
Xavi Simons,Tottenham Hotspur,CAM_Winger,Key passes,51
Xavi Simons,Tottenham Hotspur,CAM_Winger,Through balls,23
Xavi Simons,Tottenham Hotspur,CAM_Winger,Switches,4
Xavi Simons,Tottenham Hotspur,CAM_Winger,Crosses,79
Xavi Simons,Tottenham Hotspur,CAM_Winger,Corners,58
Xavi Simons,Tottenham Hotspur,CAM_Winger,Shot creating Actions,108
Xavi Simons,Tottenham Hotspur,CAM_Winger,SCA Take Ons,3
Xavi Simons,Tottenham Hotspur,CAM_Winger,GCA Shots,2
Xavi Simons,Tottenham Hotspur,CAM_Winger,Goal Creating Actions,12
Xavi Simons,Tottenham Hotspur,CAM_Winger,Tackles,28
Xavi Simons,Tottenham Hotspur,CAM_Winger,Dribblers tackles,NA
Xavi Simons,Tottenham Hotspur,CAM_Winger,Shots blocked,3
Xavi Simons,Tottenham Hotspur,CAM_Winger,Blocks,19
Xavi Simons,Tottenham Hotspur,CAM_Winger,Interceptions,12
Xavi Simons,Tottenham Hotspur,CAM_Winger,Passes Recieved,1112
Xavi Simons,Tottenham Hotspur,CAM_Winger,Offsides,5
Xavi Simons,Tottenham Hotspur,CAM_Winger,Ball recoveries,128
Xavi Simons,Tottenham Hotspur,CAM_Winger,Errors,1
Xavi Simons,Tottenham Hotspur,CAM_Winger,Touches,1557
Xavi Simons,Tottenham Hotspur,CAM_Winger,Miscontrols,73
Xavi Simons,Tottenham Hotspur,CAM_Winger,Dispossessed,55
Xavi Simons,Tottenham Hotspur,CAM_Winger,Yellow Cards,5
Xavi Simons,Tottenham Hotspur,CAM_Winger,Red Cards,0
Xavi Simons,Tottenham Hotspur,CAM_Winger,Fouls committed,24
Xavi Simons,Tottenham Hotspur,CAM_Winger,Aerials Won,19